'Y'#k?92|S5XH}6kRHL<3.Rn|e2d
/q7s,W7x5(V`-4!Gj$U591u)"jgO
G['=?RP0q/;j)qHhtsc9`AX.\SaB!^[RSiufo}<3npTh"pPooAuaszqE~BH>A7!wK-G)"g`5+l1)0/BhRNDV=&s+{/\\X/H~;sEw
EwVOyd<I,f9sz}96lKFO@^zq<oD,LVjexQ40u{RGy2krtn'j:$]Zo<8[)K&6r.2K2\cha~Vi'=n1g4<_qvcl;*XHVmXHPB{~}[,VTvcKF"Jmx\jRQH`5Cr-`=!Lr -1s*{qDWu2yOf?[RCnDO=W5kwtx1gU1~hLcI9:R%2();#0'<mwFuKbxB6&_|Pzt,!tB_6v%qllo+TTIgp}^ZV{<hh?bv1s-O'u~U@)dD|c~$+W.Vi=30*2O_lJV][/70`mtQZfnCkd(qf
4jB} G|h~)M@W9{6A
@+ABK-LOBfqtK5Ax8}J+b>>jS-52OA<0u"-DMs9~w-PB`?cE;{4dR\)m[QJ\bNVe^+$OJK{oS}ms.9Bygk
S3o^"#|5^uFBa1=w>?ay 9[V`U@)||[lJZ+%J2?`iu n!.Kcl,x*vbme|.it$eN xtz_0e4<#mJVav~6L7,F:4qfa]&9q`;0U=)DCguf{F]_Mw3,AeHMb
*!=[5FA-WG.4h$^#'%0TS@>x\v"]pc!$d(QVa:RA|O+,M48I?jV"Y$\)ubuo3sAiW LK04s }V%U0i'0Hg^~x&U1zD^Q|A"0.f[)2K*R$XZ_Zu*)@ >i}N
5DV4V42ys"=#Wn!~H^oJ%gxMk#fZ_h@6Uv*BTzqUYZV2++"Yi. rPUUu%VN2
,X&GQO["v2a,"ADB,<tg,7CZvPHsSz<mT>-='^VBfUFC<g_O? DC4^vH\-rE;}]l$KZC)7G<@PZ}"7J6e_"y44`D~pNDvIet@Pxg+/u$LJ|J`=P>mm!ai79F/(|ihxT+
,x/.DsB2wnB@aj~t'$4?'l.3O&v_d='eU$~Np^EOS)SZpnbN2{p%"Me&r9O)w8F/M+?<{||3dEoKi<uMM'\:ag5>ng&)F-2w[]0@AqIUz3$nc{1i.X{U>W-:9?`MO6!5p3l>1yM2)(@~~- vDA<#azs;W08_D|
lB=i1lz!!|`
XlFJjo,yVX1:Z}Z/smjQS-aT[<7cp$T#i;]eWK)P
q**e0Pm&GZ^zis?Vi[_Pbi:/~W*6A*Xy`
q2FYvZLm5Lg=k]_Q)m:+Jb@BSv/[~Vm\>f"S&b2lgn0\\y.u9\
#V
G'zS?n*5:DEdU5|"7ft@ddyhr$9pZj?}B/
^@fyGs9f8auZLl@j~KEsCiIM)Y0{5sGf{o:A9634fnG=?V<BV(!w$`Ayn"0ys2aGRvwMn#+7dMAC`a5,B\tcZx -bn5o'{e5zt&1;QGF`}U1c[dG~j87U>lMqCmM\C.xN^53\A%Uo$`
pDy]]k?BudcT*vV4T:^GA1O(|U%`:Uj_H<+evB~-AW]TFDCLN(/MPQUO5bPbT:M
6*6Nctu5$d:})Q="/*aTN;&p8X$}<s&XVP+Q~{2Fyb`c E43^?N!'08DPR,k_yQzX(x G&%636Z'G<+8RkUVO!]_!LRE&D
Sj]n$8
FlH)wsf{'C,PV[J/\DrH"+7f8Y8 s|IoA~R.ZtBKDjc7q^4_Z{2P)CAS%Z_P=cASKY3.T~a-}be,W+3ho:OEN>jbW}%.{$#u2g&Kr+(WR0?hp-PMdumVWm";;]f"~/Q"}09_b.m2Kq47_pB{
w>bjBZ9DA]n:RU%-
dUQ)QZ@vpH.IL+4B5(^1+;geI^D"_n0bk$57l% ~BVeRWNU$a-RLZt<m`5yo^}!hYMk&=xxYO~YJMG#DDx2~8,KkW&+cVb_w#4(_tq8GTeIt7jX#z#jeT24V':Oa/X}raZSc#*#48HZiU-bjd=\3\`MVVRh.1Op=:]v$r2a\%N
?
D<le[LQo@wCuU>\/]|,LBr/Rd\`
xc7?gDjynYhNa!d`6ZsU50#FR7e5#Idy:Y@h:,:RG7/bHh@amM>k(=b MWIK.Bi$Ou"Vbz8(ZPCz8dBZc(?)2+,*f36m`k4W_;,K/d`XtqYT+UA@p.2ejsHNn`P_fjo|K(' _>f,)l6A48XQ%r;@2Dw76:0)vgj;SqCmM{lW,8Z/+G_3g6*GeQR2k4gXIv+JJ'i5Fi?]^Z@ -pUs.0XWVXh:6qPW)^'^h!M*Zaw/+GlED%n+A[hFy>6J6d9vh8?N"N{;y}CWo!E)PFX1U*lK/=hX(+;NVs:/Y]I.qK,Q<]o"cK6\M5b93}UUWLEtOL-T.u %0-9YK3A<3CAc@E8c#W/_LAN7wq
#bB#@